coral_uid,host_species,host_species_md,cohort_label,taxon,taxon_label,n_months,n_present,total_count,occurrence,mean_abundance,intensity
12Pd1_control_T1,Pocillopora favosa,*Pocillopora favosa*,N1,alpheus,*Alpheus*,17,12,20,0.7058823529411765,1.1764705882352942,1.6666666666666667
12Pd1_control_T1,Pocillopora favosa,*Pocillopora favosa*,N1,trapezia,*Trapezia*,17,17,53,1,3.1176470588235294,3.1176470588235294
12Pd1_control_T2,Pocillopora favosa,*Pocillopora favosa*,N2,alpheus,*Alpheus*,10,5,10,0.5,1,2
12Pd1_control_T2,Pocillopora favosa,*Pocillopora favosa*,N2,trapezia,*Trapezia*,10,8,21,0.8,2.1,2.625
12Pd2_control_T1,Pocillopora favosa,*Pocillopora favosa*,N1,alpheus,*Alpheus*,17,3,4,0.17647058823529413,0.23529411764705882,1.3333333333333333
12Pd2_control_T1,Pocillopora favosa,*Pocillopora favosa*,N1,trapezia,*Trapezia*,17,17,36,1,2.1176470588235294,2.1176470588235294
12Pd2_control_T2,Pocillopora favosa,*Pocillopora favosa*,N2,alpheus,*Alpheus*,11,10,19,0.9090909090909091,1.7272727272727273,1.9
12Pd2_control_T2,Pocillopora favosa,*Pocillopora favosa*,N2,trapezia,*Trapezia*,11,11,24,1,2.1818181818181817,2.1818181818181817
12Pd3_control_T1,Pocillopora favosa,*Pocillopora favosa*,N1,alpheus,*Alpheus*,17,2,2,0.11764705882352941,0.11764705882352941,1
12Pd3_control_T1,Pocillopora favosa,*Pocillopora favosa*,N1,trapezia,*Trapezia*,17,10,17,0.5882352941176471,1,1.7
12Pd3_control_T2,Pocillopora favosa,*Pocillopora favosa*,N2,alpheus,*Alpheus*,11,2,3,0.18181818181818182,0.2727272727272727,1.5
12Pd3_control_T2,Pocillopora favosa,*Pocillopora favosa*,N2,trapezia,*Trapezia*,11,9,18,0.8181818181818182,1.6363636363636365,2
12Pd4_control_T1,Pocillopora favosa,*Pocillopora favosa*,N1,alpheus,*Alpheus*,17,0,0,0,0,NA
12Pd4_control_T1,Pocillopora favosa,*Pocillopora favosa*,N1,trapezia,*Trapezia*,17,14,24,0.8235294117647058,1.411764705882353,1.7142857142857142
12Pd4_control_T2,Pocillopora favosa,*Pocillopora favosa*,N2,alpheus,*Alpheus*,11,3,6,0.2727272727272727,0.5454545454545454,2
12Pd4_control_T2,Pocillopora favosa,*Pocillopora favosa*,N2,trapezia,*Trapezia*,11,11,22,1,2,2
12Pd5_control_T1,Pocillopora favosa,*Pocillopora favosa*,N1,alpheus,*Alpheus*,17,6,8,0.35294117647058826,0.47058823529411764,1.3333333333333333
12Pd5_control_T1,Pocillopora favosa,*Pocillopora favosa*,N1,trapezia,*Trapezia*,17,9,16,0.5294117647058824,0.9411764705882353,1.7777777777777777
12Pd5_control_T2,Pocillopora favosa,*Pocillopora favosa*,N2,alpheus,*Alpheus*,9,6,11,0.6666666666666666,1.2222222222222223,1.8333333333333333
12Pd5_control_T2,Pocillopora favosa,*Pocillopora favosa*,N2,trapezia,*Trapezia*,9,8,16,0.8888888888888888,1.7777777777777777,2
12Pd6_control_T1,Pocillopora favosa,*Pocillopora favosa*,N1,alpheus,*Alpheus*,17,13,30,0.7647058823529411,1.7647058823529411,2.3076923076923075
12Pd6_control_T1,Pocillopora favosa,*Pocillopora favosa*,N1,trapezia,*Trapezia*,17,16,46,0.9411764705882353,2.7058823529411766,2.875
12Pd6_control_T2,Pocillopora favosa,*Pocillopora favosa*,N2,alpheus,*Alpheus*,5,4,8,0.8,1.6,2
12Pd6_control_T2,Pocillopora favosa,*Pocillopora favosa*,N2,trapezia,*Trapezia*,5,4,10,0.8,2,2.5
12Pd7_control_T1,Pocillopora favosa,*Pocillopora favosa*,N1,alpheus,*Alpheus*,10,1,1,0.1,0.1,1
12Pd7_control_T1,Pocillopora favosa,*Pocillopora favosa*,N1,trapezia,*Trapezia*,10,10,17,1,1.7,1.7
12Sp1_control_T1,Stylophora pistillata,*Stylophora pistillata*,N1,alpheus,*Alpheus*,17,0,0,0,0,NA
12Sp1_control_T1,Stylophora pistillata,*Stylophora pistillata*,N1,trapezia,*Trapezia*,17,3,3,0.17647058823529413,0.17647058823529413,1
12Sp1_control_T2,Stylophora pistillata,*Stylophora pistillata*,N2,alpheus,*Alpheus*,5,0,0,0,0,NA
12Sp1_control_T2,Stylophora pistillata,*Stylophora pistillata*,N2,trapezia,*Trapezia*,5,2,2,0.4,0.4,1
12Sp2_control_T1,Stylophora pistillata,*Stylophora pistillata*,N1,alpheus,*Alpheus*,12,0,0,0,0,NA
12Sp2_control_T1,Stylophora pistillata,*Stylophora pistillata*,N1,trapezia,*Trapezia*,12,5,6,0.4166666666666667,0.5,1.2
12Sp3_control_T1,Stylophora pistillata,*Stylophora pistillata*,N1,alpheus,*Alpheus*,17,0,0,0,0,NA
12Sp3_control_T1,Stylophora pistillata,*Stylophora pistillata*,N1,trapezia,*Trapezia*,17,15,30,0.8823529411764706,1.7647058823529411,2
12Sp3_control_T2,Stylophora pistillata,*Stylophora pistillata*,N2,alpheus,*Alpheus*,9,0,0,0,0,NA
12Sp3_control_T2,Stylophora pistillata,*Stylophora pistillata*,N2,trapezia,*Trapezia*,9,5,9,0.5555555555555556,1,1.8
12Sp4_control_T1,Stylophora pistillata,*Stylophora pistillata*,N1,alpheus,*Alpheus*,13,0,0,0,0,NA
12Sp4_control_T1,Stylophora pistillata,*Stylophora pistillata*,N1,trapezia,*Trapezia*,13,8,16,0.6153846153846154,1.2307692307692308,2
12Sp5_control_T1,Stylophora pistillata,*Stylophora pistillata*,N1,alpheus,*Alpheus*,7,0,0,0,0,NA
12Sp5_control_T1,Stylophora pistillata,*Stylophora pistillata*,N1,trapezia,*Trapezia*,7,6,11,0.8571428571428571,1.5714285714285714,1.8333333333333333
12Sp6_control_T1,Stylophora pistillata,*Stylophora pistillata*,N1,alpheus,*Alpheus*,17,0,0,0,0,NA
12Sp6_control_T1,Stylophora pistillata,*Stylophora pistillata*,N1,trapezia,*Trapezia*,17,14,28,0.8235294117647058,1.6470588235294117,2
12Sp6_control_T2,Stylophora pistillata,*Stylophora pistillata*,N2,alpheus,*Alpheus*,7,0,0,0,0,NA
12Sp6_control_T2,Stylophora pistillata,*Stylophora pistillata*,N2,trapezia,*Trapezia*,7,7,17,1,2.4285714285714284,2.4285714285714284
12Sp7_control_T1,Stylophora pistillata,*Stylophora pistillata*,N1,alpheus,*Alpheus*,16,0,0,0,0,NA
12Sp7_control_T1,Stylophora pistillata,*Stylophora pistillata*,N1,trapezia,*Trapezia*,16,13,26,0.8125,1.625,2
12Sp7_control_T2,Stylophora pistillata,*Stylophora pistillata*,N2,alpheus,*Alpheus*,2,0,0,0,0,NA
12Sp7_control_T2,Stylophora pistillata,*Stylophora pistillata*,N2,trapezia,*Trapezia*,2,2,4,1,2,2
13Pd1_control_T1,Pocillopora favosa,*Pocillopora favosa*,N1,alpheus,*Alpheus*,2,0,0,0,0,NA
13Pd1_control_T1,Pocillopora favosa,*Pocillopora favosa*,N1,trapezia,*Trapezia*,2,0,0,0,0,NA
13Pd2_control_T1,Pocillopora favosa,*Pocillopora favosa*,N1,alpheus,*Alpheus*,2,0,0,0,0,NA
13Pd2_control_T1,Pocillopora favosa,*Pocillopora favosa*,N1,trapezia,*Trapezia*,2,0,0,0,0,NA
13Sp1_control_T1,Stylophora pistillata,*Stylophora pistillata*,N1,alpheus,*Alpheus*,16,0,0,0,0,NA
13Sp1_control_T1,Stylophora pistillata,*Stylophora pistillata*,N1,trapezia,*Trapezia*,16,7,10,0.4375,0.625,1.4285714285714286
13Sp1_control_T2,Stylophora pistillata,*Stylophora pistillata*,N2,alpheus,*Alpheus*,2,0,0,0,0,NA
13Sp1_control_T2,Stylophora pistillata,*Stylophora pistillata*,N2,trapezia,*Trapezia*,2,1,1,0.5,0.5,1
13Sp2_control_T1,Stylophora pistillata,*Stylophora pistillata*,N1,alpheus,*Alpheus*,17,0,0,0,0,NA
13Sp2_control_T1,Stylophora pistillata,*Stylophora pistillata*,N1,trapezia,*Trapezia*,17,10,19,0.5882352941176471,1.1176470588235294,1.9
13Sp2_control_T2,Stylophora pistillata,*Stylophora pistillata*,N2,alpheus,*Alpheus*,3,0,0,0,0,NA
13Sp2_control_T2,Stylophora pistillata,*Stylophora pistillata*,N2,trapezia,*Trapezia*,3,2,4,0.6666666666666666,1.3333333333333333,2
14Pd1_control_T1,Pocillopora favosa,*Pocillopora favosa*,N1,alpheus,*Alpheus*,17,1,2,0.058823529411764705,0.11764705882352941,2
14Pd1_control_T1,Pocillopora favosa,*Pocillopora favosa*,N1,trapezia,*Trapezia*,17,14,27,0.8235294117647058,1.588235294117647,1.9285714285714286
14Pd1_control_T2,Pocillopora favosa,*Pocillopora favosa*,N2,alpheus,*Alpheus*,11,6,12,0.5454545454545454,1.0909090909090908,2
14Pd1_control_T2,Pocillopora favosa,*Pocillopora favosa*,N2,trapezia,*Trapezia*,11,8,16,0.7272727272727273,1.4545454545454546,2
14Pd2_control_T1,Pocillopora favosa,*Pocillopora favosa*,N1,alpheus,*Alpheus*,17,0,0,0,0,NA
14Pd2_control_T1,Pocillopora favosa,*Pocillopora favosa*,N1,trapezia,*Trapezia*,17,11,20,0.6470588235294118,1.1764705882352942,1.8181818181818181
14Pd2_control_T2,Pocillopora favosa,*Pocillopora favosa*,N2,alpheus,*Alpheus*,11,7,14,0.6363636363636364,1.2727272727272727,2
14Pd2_control_T2,Pocillopora favosa,*Pocillopora favosa*,N2,trapezia,*Trapezia*,11,8,16,0.7272727272727273,1.4545454545454546,2
14Pd3_control_T1,Pocillopora favosa,*Pocillopora favosa*,N1,alpheus,*Alpheus*,9,0,0,0,0,NA
14Pd3_control_T1,Pocillopora favosa,*Pocillopora favosa*,N1,trapezia,*Trapezia*,9,3,6,0.3333333333333333,0.6666666666666666,2
14Pd4_control_T1,Pocillopora favosa,*Pocillopora favosa*,N1,alpheus,*Alpheus*,17,1,2,0.058823529411764705,0.11764705882352941,2
14Pd4_control_T1,Pocillopora favosa,*Pocillopora favosa*,N1,trapezia,*Trapezia*,17,14,28,0.8235294117647058,1.6470588235294117,2
14Pd4_control_T2,Pocillopora favosa,*Pocillopora favosa*,N2,alpheus,*Alpheus*,5,1,2,0.2,0.4,2
14Pd4_control_T2,Pocillopora favosa,*Pocillopora favosa*,N2,trapezia,*Trapezia*,5,5,9,1,1.8,1.8
14Pd5_control_T1,Pocillopora favosa,*Pocillopora favosa*,N1,alpheus,*Alpheus*,17,0,0,0,0,NA
14Pd5_control_T1,Pocillopora favosa,*Pocillopora favosa*,N1,trapezia,*Trapezia*,17,13,22,0.7647058823529411,1.2941176470588236,1.6923076923076923
14Pd5_control_T2,Pocillopora favosa,*Pocillopora favosa*,N2,alpheus,*Alpheus*,9,4,8,0.4444444444444444,0.8888888888888888,2
14Pd5_control_T2,Pocillopora favosa,*Pocillopora favosa*,N2,trapezia,*Trapezia*,9,9,18,1,2,2
14Sp1_control_T1,Stylophora pistillata,*Stylophora pistillata*,N1,alpheus,*Alpheus*,17,0,0,0,0,NA
14Sp1_control_T1,Stylophora pistillata,*Stylophora pistillata*,N1,trapezia,*Trapezia*,17,8,12,0.47058823529411764,0.7058823529411765,1.5
14Sp1_control_T2,Stylophora pistillata,*Stylophora pistillata*,N2,alpheus,*Alpheus*,5,0,0,0,0,NA
14Sp1_control_T2,Stylophora pistillata,*Stylophora pistillata*,N2,trapezia,*Trapezia*,5,0,0,0,0,NA
14Sp2_control_T1,Stylophora pistillata,*Stylophora pistillata*,N1,alpheus,*Alpheus*,17,0,0,0,0,NA
14Sp2_control_T1,Stylophora pistillata,*Stylophora pistillata*,N1,trapezia,*Trapezia*,17,14,25,0.8235294117647058,1.4705882352941178,1.7857142857142858
14Sp2_control_T2,Stylophora pistillata,*Stylophora pistillata*,N2,alpheus,*Alpheus*,11,0,0,0,0,NA
14Sp2_control_T2,Stylophora pistillata,*Stylophora pistillata*,N2,trapezia,*Trapezia*,11,10,19,0.9090909090909091,1.7272727272727273,1.9
14Sp3_control_T1,Stylophora pistillata,*Stylophora pistillata*,N1,alpheus,*Alpheus*,17,0,0,0,0,NA
14Sp3_control_T1,Stylophora pistillata,*Stylophora pistillata*,N1,trapezia,*Trapezia*,17,13,26,0.7647058823529411,1.5294117647058822,2
14Sp3_control_T2,Stylophora pistillata,*Stylophora pistillata*,N2,alpheus,*Alpheus*,3,0,0,0,0,NA
14Sp3_control_T2,Stylophora pistillata,*Stylophora pistillata*,N2,trapezia,*Trapezia*,3,3,6,1,2,2
14Sp4_control_T1,Stylophora pistillata,*Stylophora pistillata*,N1,alpheus,*Alpheus*,17,3,12,0.17647058823529413,0.7058823529411765,4
14Sp4_control_T1,Stylophora pistillata,*Stylophora pistillata*,N1,trapezia,*Trapezia*,17,10,32,0.5882352941176471,1.8823529411764706,3.2
14Sp4_control_T2,Stylophora pistillata,*Stylophora pistillata*,N2,alpheus,*Alpheus*,5,0,0,0,0,NA
14Sp4_control_T2,Stylophora pistillata,*Stylophora pistillata*,N2,trapezia,*Trapezia*,5,3,6,0.6,1.2,2
14Sp5_control_T1,Stylophora pistillata,*Stylophora pistillata*,N1,alpheus,*Alpheus*,17,0,0,0,0,NA
14Sp5_control_T1,Stylophora pistillata,*Stylophora pistillata*,N1,trapezia,*Trapezia*,17,11,21,0.6470588235294118,1.2352941176470589,1.9090909090909092
14Sp5_control_T2,Stylophora pistillata,*Stylophora pistillata*,N2,alpheus,*Alpheus*,11,0,0,0,0,NA
14Sp5_control_T2,Stylophora pistillata,*Stylophora pistillata*,N2,trapezia,*Trapezia*,11,6,13,0.5454545454545454,1.1818181818181819,2.1666666666666665
14Sp6_control_T1,Stylophora pistillata,*Stylophora pistillata*,N1,alpheus,*Alpheus*,12,0,0,0,0,NA
14Sp6_control_T1,Stylophora pistillata,*Stylophora pistillata*,N1,trapezia,*Trapezia*,12,7,11,0.5833333333333334,0.9166666666666666,1.5714285714285714
14Sp7_control_T1,Stylophora pistillata,*Stylophora pistillata*,N1,alpheus,*Alpheus*,14,0,0,0,0,NA
14Sp7_control_T1,Stylophora pistillata,*Stylophora pistillata*,N1,trapezia,*Trapezia*,14,6,11,0.42857142857142855,0.7857142857142857,1.8333333333333333
1Pd1_control_T1,Pocillopora favosa,*Pocillopora favosa*,N1,alpheus,*Alpheus*,17,2,3,0.11764705882352941,0.17647058823529413,1.5
1Pd1_control_T1,Pocillopora favosa,*Pocillopora favosa*,N1,trapezia,*Trapezia*,17,14,27,0.8235294117647058,1.588235294117647,1.9285714285714286
1Pd1_control_T2,Pocillopora favosa,*Pocillopora favosa*,N2,alpheus,*Alpheus*,11,6,12,0.5454545454545454,1.0909090909090908,2
1Pd1_control_T2,Pocillopora favosa,*Pocillopora favosa*,N2,trapezia,*Trapezia*,11,10,21,0.9090909090909091,1.9090909090909092,2.1
1Pd10_control_T1,Pocillopora favosa,*Pocillopora favosa*,N1,alpheus,*Alpheus*,17,0,0,0,0,NA
1Pd10_control_T1,Pocillopora favosa,*Pocillopora favosa*,N1,trapezia,*Trapezia*,17,7,12,0.4117647058823529,0.7058823529411765,1.7142857142857142
1Pd10_control_T2,Pocillopora favosa,*Pocillopora favosa*,N2,alpheus,*Alpheus*,11,1,2,0.09090909090909091,0.18181818181818182,2
1Pd10_control_T2,Pocillopora favosa,*Pocillopora favosa*,N2,trapezia,*Trapezia*,11,11,24,1,2.1818181818181817,2.1818181818181817
1Pd2_control_T1,Pocillopora favosa,*Pocillopora favosa*,N1,alpheus,*Alpheus*,17,1,1,0.058823529411764705,0.058823529411764705,1
1Pd2_control_T1,Pocillopora favosa,*Pocillopora favosa*,N1,trapezia,*Trapezia*,17,12,19,0.7058823529411765,1.1176470588235294,1.5833333333333333
1Pd2_control_T2,Pocillopora favosa,*Pocillopora favosa*,N2,alpheus,*Alpheus*,4,0,0,0,0,NA
1Pd2_control_T2,Pocillopora favosa,*Pocillopora favosa*,N2,trapezia,*Trapezia*,4,4,8,1,2,2
1Pd3_control_T1,Pocillopora favosa,*Pocillopora favosa*,N1,alpheus,*Alpheus*,17,0,0,0,0,NA
1Pd3_control_T1,Pocillopora favosa,*Pocillopora favosa*,N1,trapezia,*Trapezia*,17,7,13,0.4117647058823529,0.7647058823529411,1.8571428571428572
1Pd3_control_T2,Pocillopora favosa,*Pocillopora favosa*,N2,alpheus,*Alpheus*,9,0,0,0,0,NA
1Pd3_control_T2,Pocillopora favosa,*Pocillopora favosa*,N2,trapezia,*Trapezia*,9,6,12,0.6666666666666666,1.3333333333333333,2
1Pd4_control_T1,Pocillopora favosa,*Pocillopora favosa*,N1,alpheus,*Alpheus*,17,0,0,0,0,NA
1Pd4_control_T1,Pocillopora favosa,*Pocillopora favosa*,N1,trapezia,*Trapezia*,17,4,4,0.23529411764705882,0.23529411764705882,1
1Pd4_control_T2,Pocillopora favosa,*Pocillopora favosa*,N2,alpheus,*Alpheus*,11,0,0,0,0,NA
1Pd4_control_T2,Pocillopora favosa,*Pocillopora favosa*,N2,trapezia,*Trapezia*,11,1,1,0.09090909090909091,0.09090909090909091,1
1Pd5_control_T1,Pocillopora favosa,*Pocillopora favosa*,N1,alpheus,*Alpheus*,17,12,34,0.7058823529411765,2,2.8333333333333335
1Pd5_control_T1,Pocillopora favosa,*Pocillopora favosa*,N1,trapezia,*Trapezia*,17,13,47,0.7647058823529411,2.764705882352941,3.6153846153846154
1Pd5_control_T2,Pocillopora favosa,*Pocillopora favosa*,N2,alpheus,*Alpheus*,11,9,18,0.8181818181818182,1.6363636363636365,2
1Pd5_control_T2,Pocillopora favosa,*Pocillopora favosa*,N2,trapezia,*Trapezia*,11,10,22,0.9090909090909091,2,2.2
1Pd6_control_T1,Pocillopora favosa,*Pocillopora favosa*,N1,alpheus,*Alpheus*,17,7,24,0.4117647058823529,1.411764705882353,3.4285714285714284
1Pd6_control_T1,Pocillopora favosa,*Pocillopora favosa*,N1,trapezia,*Trapezia*,17,8,36,0.47058823529411764,2.1176470588235294,4.5
1Pd6_control_T2,Pocillopora favosa,*Pocillopora favosa*,N2,alpheus,*Alpheus*,9,4,8,0.4444444444444444,0.8888888888888888,2
1Pd6_control_T2,Pocillopora favosa,*Pocillopora favosa*,N2,trapezia,*Trapezia*,9,6,18,0.6666666666666666,2,3
1Pd7_control_T1,Pocillopora favosa,*Pocillopora favosa*,N1,alpheus,*Alpheus*,17,0,0,0,0,NA
1Pd7_control_T1,Pocillopora favosa,*Pocillopora favosa*,N1,trapezia,*Trapezia*,17,6,13,0.35294117647058826,0.7647058823529411,2.1666666666666665
1Pd7_control_T2,Pocillopora favosa,*Pocillopora favosa*,N2,alpheus,*Alpheus*,8,1,1,0.125,0.125,1
1Pd7_control_T2,Pocillopora favosa,*Pocillopora favosa*,N2,trapezia,*Trapezia*,8,7,16,0.875,2,2.2857142857142856
1Pd8_control_T1,Pocillopora favosa,*Pocillopora favosa*,N1,alpheus,*Alpheus*,17,0,0,0,0,NA
1Pd8_control_T1,Pocillopora favosa,*Pocillopora favosa*,N1,trapezia,*Trapezia*,17,6,12,0.35294117647058826,0.7058823529411765,2
1Pd8_control_T2,Pocillopora favosa,*Pocillopora favosa*,N2,alpheus,*Alpheus*,9,2,4,0.2222222222222222,0.4444444444444444,2
1Pd8_control_T2,Pocillopora favosa,*Pocillopora favosa*,N2,trapezia,*Trapezia*,9,8,18,0.8888888888888888,2,2.25
1Pd9_control_T1,Pocillopora favosa,*Pocillopora favosa*,N1,alpheus,*Alpheus*,17,4,5,0.23529411764705882,0.29411764705882354,1.25
1Pd9_control_T1,Pocillopora favosa,*Pocillopora favosa*,N1,trapezia,*Trapezia*,17,13,25,0.7647058823529411,1.4705882352941178,1.9230769230769231
1Pd9_control_T2,Pocillopora favosa,*Pocillopora favosa*,N2,alpheus,*Alpheus*,9,5,10,0.5555555555555556,1.1111111111111112,2
1Pd9_control_T2,Pocillopora favosa,*Pocillopora favosa*,N2,trapezia,*Trapezia*,9,8,18,0.8888888888888888,2,2.25
1Sp1_control_T1,Stylophora pistillata,*Stylophora pistillata*,N1,alpheus,*Alpheus*,17,0,0,0,0,NA
1Sp1_control_T1,Stylophora pistillata,*Stylophora pistillata*,N1,trapezia,*Trapezia*,17,16,32,0.9411764705882353,1.8823529411764706,2
1Sp1_control_T2,Stylophora pistillata,*Stylophora pistillata*,N2,alpheus,*Alpheus*,9,1,2,0.1111111111111111,0.2222222222222222,2
1Sp1_control_T2,Stylophora pistillata,*Stylophora pistillata*,N2,trapezia,*Trapezia*,9,9,18,1,2,2
1Sp10_control_T1,Stylophora pistillata,*Stylophora pistillata*,N1,alpheus,*Alpheus*,17,1,1,0.058823529411764705,0.058823529411764705,1
1Sp10_control_T1,Stylophora pistillata,*Stylophora pistillata*,N1,trapezia,*Trapezia*,17,15,28,0.8823529411764706,1.6470588235294117,1.8666666666666667
1Sp10_control_T2,Stylophora pistillata,*Stylophora pistillata*,N2,alpheus,*Alpheus*,11,0,0,0,0,NA
1Sp10_control_T2,Stylophora pistillata,*Stylophora pistillata*,N2,trapezia,*Trapezia*,11,10,20,0.9090909090909091,1.8181818181818181,2
1Sp2_control_T1,Stylophora pistillata,*Stylophora pistillata*,N1,alpheus,*Alpheus*,17,0,0,0,0,NA
1Sp2_control_T1,Stylophora pistillata,*Stylophora pistillata*,N1,trapezia,*Trapezia*,17,15,25,0.8823529411764706,1.4705882352941178,1.6666666666666667
1Sp2_control_T2,Stylophora pistillata,*Stylophora pistillata*,N2,alpheus,*Alpheus*,4,0,0,0,0,NA
1Sp2_control_T2,Stylophora pistillata,*Stylophora pistillata*,N2,trapezia,*Trapezia*,4,4,8,1,2,2
1Sp3_control_T1,Stylophora pistillata,*Stylophora pistillata*,N1,alpheus,*Alpheus*,13,0,0,0,0,NA
1Sp3_control_T1,Stylophora pistillata,*Stylophora pistillata*,N1,trapezia,*Trapezia*,13,2,3,0.15384615384615385,0.23076923076923078,1.5
1Sp4_control_T1,Stylophora pistillata,*Stylophora pistillata*,N1,alpheus,*Alpheus*,15,0,0,0,0,NA
1Sp4_control_T1,Stylophora pistillata,*Stylophora pistillata*,N1,trapezia,*Trapezia*,15,9,16,0.6,1.0666666666666667,1.7777777777777777
1Sp4_control_T2,Stylophora pistillata,*Stylophora pistillata*,N2,alpheus,*Alpheus*,1,0,0,0,0,NA
1Sp4_control_T2,Stylophora pistillata,*Stylophora pistillata*,N2,trapezia,*Trapezia*,1,0,0,0,0,NA
1Sp5_control_T1,Stylophora pistillata,*Stylophora pistillata*,N1,alpheus,*Alpheus*,17,1,1,0.058823529411764705,0.058823529411764705,1
1Sp5_control_T1,Stylophora pistillata,*Stylophora pistillata*,N1,trapezia,*Trapezia*,17,7,10,0.4117647058823529,0.5882352941176471,1.4285714285714286
1Sp5_control_T2,Stylophora pistillata,*Stylophora pistillata*,N2,alpheus,*Alpheus*,9,0,0,0,0,NA
1Sp5_control_T2,Stylophora pistillata,*Stylophora pistillata*,N2,trapezia,*Trapezia*,9,7,12,0.7777777777777778,1.3333333333333333,1.7142857142857142
1Sp6_control_T1,Stylophora pistillata,*Stylophora pistillata*,N1,alpheus,*Alpheus*,8,0,0,0,0,NA
1Sp6_control_T1,Stylophora pistillata,*Stylophora pistillata*,N1,trapezia,*Trapezia*,8,7,10,0.875,1.25,1.4285714285714286
1Sp7_control_T1,Stylophora pistillata,*Stylophora pistillata*,N1,alpheus,*Alpheus*,17,1,4,0.058823529411764705,0.23529411764705882,4
1Sp7_control_T1,Stylophora pistillata,*Stylophora pistillata*,N1,trapezia,*Trapezia*,17,12,21,0.7058823529411765,1.2352941176470589,1.75
1Sp7_control_T2,Stylophora pistillata,*Stylophora pistillata*,N2,alpheus,*Alpheus*,8,1,2,0.125,0.25,2
1Sp7_control_T2,Stylophora pistillata,*Stylophora pistillata*,N2,trapezia,*Trapezia*,8,5,9,0.625,1.125,1.8
1Sp8_control_T1,Stylophora pistillata,*Stylophora pistillata*,N1,alpheus,*Alpheus*,17,0,0,0,0,NA
1Sp8_control_T1,Stylophora pistillata,*Stylophora pistillata*,N1,trapezia,*Trapezia*,17,14,22,0.8235294117647058,1.2941176470588236,1.5714285714285714
1Sp8_control_T2,Stylophora pistillata,*Stylophora pistillata*,N2,alpheus,*Alpheus*,9,0,0,0,0,NA
1Sp8_control_T2,Stylophora pistillata,*Stylophora pistillata*,N2,trapezia,*Trapezia*,9,8,10,0.8888888888888888,1.1111111111111112,1.25
1Sp9_control_T1,Stylophora pistillata,*Stylophora pistillata*,N1,alpheus,*Alpheus*,17,0,0,0,0,NA
1Sp9_control_T1,Stylophora pistillata,*Stylophora pistillata*,N1,trapezia,*Trapezia*,17,15,26,0.8823529411764706,1.5294117647058822,1.7333333333333334
1Sp9_control_T2,Stylophora pistillata,*Stylophora pistillata*,N2,alpheus,*Alpheus*,4,0,0,0,0,NA
1Sp9_control_T2,Stylophora pistillata,*Stylophora pistillata*,N2,trapezia,*Trapezia*,4,2,4,0.5,1,2
5Pd1_control_T1,Pocillopora favosa,*Pocillopora favosa*,N1,alpheus,*Alpheus*,17,0,0,0,0,NA
5Pd1_control_T1,Pocillopora favosa,*Pocillopora favosa*,N1,trapezia,*Trapezia*,17,5,7,0.29411764705882354,0.4117647058823529,1.4
5Pd1_control_T2,Pocillopora favosa,*Pocillopora favosa*,N2,alpheus,*Alpheus*,3,0,0,0,0,NA
5Pd1_control_T2,Pocillopora favosa,*Pocillopora favosa*,N2,trapezia,*Trapezia*,3,0,0,0,0,NA
5Pd2_control_T1,Pocillopora favosa,*Pocillopora favosa*,N1,alpheus,*Alpheus*,17,3,5,0.17647058823529413,0.29411764705882354,1.6666666666666667
5Pd2_control_T1,Pocillopora favosa,*Pocillopora favosa*,N1,trapezia,*Trapezia*,17,13,23,0.7647058823529411,1.3529411764705883,1.7692307692307692
5Pd2_control_T2,Pocillopora favosa,*Pocillopora favosa*,N2,alpheus,*Alpheus*,3,2,4,0.6666666666666666,1.3333333333333333,2
5Pd2_control_T2,Pocillopora favosa,*Pocillopora favosa*,N2,trapezia,*Trapezia*,3,2,4,0.6666666666666666,1.3333333333333333,2
5Sp1_control_T1,Stylophora pistillata,*Stylophora pistillata*,N1,alpheus,*Alpheus*,17,0,0,0,0,NA
5Sp1_control_T1,Stylophora pistillata,*Stylophora pistillata*,N1,trapezia,*Trapezia*,17,14,26,0.8235294117647058,1.5294117647058822,1.8571428571428572
5Sp1_control_T2,Stylophora pistillata,*Stylophora pistillata*,N2,alpheus,*Alpheus*,11,0,0,0,0,NA
5Sp1_control_T2,Stylophora pistillata,*Stylophora pistillata*,N2,trapezia,*Trapezia*,11,10,24,0.9090909090909091,2.1818181818181817,2.4
5Sp2_control_T1,Stylophora pistillata,*Stylophora pistillata*,N1,alpheus,*Alpheus*,17,1,1,0.058823529411764705,0.058823529411764705,1
5Sp2_control_T1,Stylophora pistillata,*Stylophora pistillata*,N1,trapezia,*Trapezia*,17,16,40,0.9411764705882353,2.3529411764705883,2.5
5Sp2_control_T2,Stylophora pistillata,*Stylophora pistillata*,N2,alpheus,*Alpheus*,5,0,0,0,0,NA
5Sp2_control_T2,Stylophora pistillata,*Stylophora pistillata*,N2,trapezia,*Trapezia*,5,4,6,0.8,1.2,1.5
6Pd1_control_T1,Pocillopora favosa,*Pocillopora favosa*,N1,alpheus,*Alpheus*,17,6,22,0.35294117647058826,1.2941176470588236,3.6666666666666665
6Pd1_control_T1,Pocillopora favosa,*Pocillopora favosa*,N1,trapezia,*Trapezia*,17,9,47,0.5294117647058824,2.764705882352941,5.222222222222222
6Pd1_control_T2,Pocillopora favosa,*Pocillopora favosa*,N2,alpheus,*Alpheus*,11,3,5,0.2727272727272727,0.45454545454545453,1.6666666666666667
6Pd1_control_T2,Pocillopora favosa,*Pocillopora favosa*,N2,trapezia,*Trapezia*,11,6,13,0.5454545454545454,1.1818181818181819,2.1666666666666665
6Pd2_control_T1,Pocillopora favosa,*Pocillopora favosa*,N1,alpheus,*Alpheus*,17,10,40,0.5882352941176471,2.3529411764705883,4
6Pd2_control_T1,Pocillopora favosa,*Pocillopora favosa*,N1,trapezia,*Trapezia*,17,12,64,0.7058823529411765,3.764705882352941,5.333333333333333
6Pd2_control_T2,Pocillopora favosa,*Pocillopora favosa*,N2,alpheus,*Alpheus*,5,1,2,0.2,0.4,2
6Pd2_control_T2,Pocillopora favosa,*Pocillopora favosa*,N2,trapezia,*Trapezia*,5,3,6,0.6,1.2,2
6Pd3_control_T1,Pocillopora favosa,*Pocillopora favosa*,N1,alpheus,*Alpheus*,17,13,47,0.7647058823529411,2.764705882352941,3.6153846153846154
6Pd3_control_T1,Pocillopora favosa,*Pocillopora favosa*,N1,trapezia,*Trapezia*,17,14,70,0.8235294117647058,4.117647058823529,5
6Pd3_control_T2,Pocillopora favosa,*Pocillopora favosa*,N2,alpheus,*Alpheus*,9,6,16,0.6666666666666666,1.7777777777777777,2.6666666666666665
6Pd3_control_T2,Pocillopora favosa,*Pocillopora favosa*,N2,trapezia,*Trapezia*,9,6,20,0.6666666666666666,2.2222222222222223,3.3333333333333335
6Pd4_control_T1,Pocillopora favosa,*Pocillopora favosa*,N1,alpheus,*Alpheus*,17,4,5,0.23529411764705882,0.29411764705882354,1.25
6Pd4_control_T1,Pocillopora favosa,*Pocillopora favosa*,N1,trapezia,*Trapezia*,17,5,10,0.29411764705882354,0.5882352941176471,2
6Pd4_control_T2,Pocillopora favosa,*Pocillopora favosa*,N2,alpheus,*Alpheus*,9,2,4,0.2222222222222222,0.4444444444444444,2
6Pd4_control_T2,Pocillopora favosa,*Pocillopora favosa*,N2,trapezia,*Trapezia*,9,4,6,0.4444444444444444,0.6666666666666666,1.5
6Sp2_control_T1,Stylophora pistillata,*Stylophora pistillata*,N1,alpheus,*Alpheus*,17,0,0,0,0,NA
6Sp2_control_T1,Stylophora pistillata,*Stylophora pistillata*,N1,trapezia,*Trapezia*,17,12,25,0.7058823529411765,1.4705882352941178,2.0833333333333335
6Sp2_control_T2,Stylophora pistillata,*Stylophora pistillata*,N2,alpheus,*Alpheus*,3,0,0,0,0,NA
6Sp2_control_T2,Stylophora pistillata,*Stylophora pistillata*,N2,trapezia,*Trapezia*,3,2,5,0.6666666666666666,1.6666666666666667,2.5
6Sp3_control_T1,Stylophora pistillata,*Stylophora pistillata*,N1,alpheus,*Alpheus*,17,0,0,0,0,NA
6Sp3_control_T1,Stylophora pistillata,*Stylophora pistillata*,N1,trapezia,*Trapezia*,17,17,27,1,1.588235294117647,1.588235294117647
6Sp3_control_T2,Stylophora pistillata,*Stylophora pistillata*,N2,alpheus,*Alpheus*,4,0,0,0,0,NA
6Sp3_control_T2,Stylophora pistillata,*Stylophora pistillata*,N2,trapezia,*Trapezia*,4,3,4,0.75,1,1.3333333333333333
6Sp4_control_T1,Stylophora pistillata,*Stylophora pistillata*,N1,alpheus,*Alpheus*,17,0,0,0,0,NA
6Sp4_control_T1,Stylophora pistillata,*Stylophora pistillata*,N1,trapezia,*Trapezia*,17,14,20,0.8235294117647058,1.1764705882352942,1.4285714285714286
6Sp4_control_T2,Stylophora pistillata,*Stylophora pistillata*,N2,alpheus,*Alpheus*,10,0,0,0,0,NA
6Sp4_control_T2,Stylophora pistillata,*Stylophora pistillata*,N2,trapezia,*Trapezia*,10,9,16,0.9,1.6,1.7777777777777777
6Sp5_control_T1,Stylophora pistillata,*Stylophora pistillata*,N1,alpheus,*Alpheus*,17,0,0,0,0,NA
6Sp5_control_T1,Stylophora pistillata,*Stylophora pistillata*,N1,trapezia,*Trapezia*,17,17,31,1,1.8235294117647058,1.8235294117647058
6Sp5_control_T2,Stylophora pistillata,*Stylophora pistillata*,N2,alpheus,*Alpheus*,9,0,0,0,0,NA
6Sp5_control_T2,Stylophora pistillata,*Stylophora pistillata*,N2,trapezia,*Trapezia*,9,7,14,0.7777777777777778,1.5555555555555556,2
7Pd1_control_T1,Pocillopora favosa,*Pocillopora favosa*,N1,alpheus,*Alpheus*,17,10,37,0.5882352941176471,2.176470588235294,3.7
7Pd1_control_T1,Pocillopora favosa,*Pocillopora favosa*,N1,trapezia,*Trapezia*,17,11,62,0.6470588235294118,3.6470588235294117,5.636363636363637
7Pd1_control_T2,Pocillopora favosa,*Pocillopora favosa*,N2,alpheus,*Alpheus*,9,3,6,0.3333333333333333,0.6666666666666666,2
7Pd1_control_T2,Pocillopora favosa,*Pocillopora favosa*,N2,trapezia,*Trapezia*,9,4,10,0.4444444444444444,1.1111111111111112,2.5
7Sp1_control_T1,Stylophora pistillata,*Stylophora pistillata*,N1,alpheus,*Alpheus*,17,0,0,0,0,NA
7Sp1_control_T1,Stylophora pistillata,*Stylophora pistillata*,N1,trapezia,*Trapezia*,17,12,21,0.7058823529411765,1.2352941176470589,1.75
7Sp1_control_T2,Stylophora pistillata,*Stylophora pistillata*,N2,alpheus,*Alpheus*,9,0,0,0,0,NA
7Sp1_control_T2,Stylophora pistillata,*Stylophora pistillata*,N2,trapezia,*Trapezia*,9,9,17,1,1.8888888888888888,1.8888888888888888
8Pd1_control_T1,Pocillopora favosa,*Pocillopora favosa*,N1,alpheus,*Alpheus*,17,2,2,0.11764705882352941,0.11764705882352941,1
8Pd1_control_T1,Pocillopora favosa,*Pocillopora favosa*,N1,trapezia,*Trapezia*,17,16,29,0.9411764705882353,1.7058823529411764,1.8125
8Pd1_control_T2,Pocillopora favosa,*Pocillopora favosa*,N2,alpheus,*Alpheus*,11,1,2,0.09090909090909091,0.18181818181818182,2
8Pd1_control_T2,Pocillopora favosa,*Pocillopora favosa*,N2,trapezia,*Trapezia*,11,10,22,0.9090909090909091,2,2.2
8Pd2_control_T1,Pocillopora favosa,*Pocillopora favosa*,N1,alpheus,*Alpheus*,17,1,1,0.058823529411764705,0.058823529411764705,1
8Pd2_control_T1,Pocillopora favosa,*Pocillopora favosa*,N1,trapezia,*Trapezia*,17,11,22,0.6470588235294118,1.2941176470588236,2
8Pd2_control_T2,Pocillopora favosa,*Pocillopora favosa*,N2,alpheus,*Alpheus*,11,0,0,0,0,NA
8Pd2_control_T2,Pocillopora favosa,*Pocillopora favosa*,N2,trapezia,*Trapezia*,11,7,13,0.6363636363636364,1.1818181818181819,1.8571428571428572
8Pd3_control_T1,Pocillopora favosa,*Pocillopora favosa*,N1,alpheus,*Alpheus*,17,0,0,0,0,NA
8Pd3_control_T1,Pocillopora favosa,*Pocillopora favosa*,N1,trapezia,*Trapezia*,17,5,7,0.29411764705882354,0.4117647058823529,1.4
8Pd3_control_T2,Pocillopora favosa,*Pocillopora favosa*,N2,alpheus,*Alpheus*,11,1,1,0.09090909090909091,0.09090909090909091,1
8Pd3_control_T2,Pocillopora favosa,*Pocillopora favosa*,N2,trapezia,*Trapezia*,11,8,15,0.7272727272727273,1.3636363636363635,1.875
8Pd4_control_T1,Pocillopora favosa,*Pocillopora favosa*,N1,alpheus,*Alpheus*,17,0,0,0,0,NA
8Pd4_control_T1,Pocillopora favosa,*Pocillopora favosa*,N1,trapezia,*Trapezia*,17,2,2,0.11764705882352941,0.11764705882352941,1
8Pd4_control_T2,Pocillopora favosa,*Pocillopora favosa*,N2,alpheus,*Alpheus*,9,0,0,0,0,NA
8Pd4_control_T2,Pocillopora favosa,*Pocillopora favosa*,N2,trapezia,*Trapezia*,9,3,5,0.3333333333333333,0.5555555555555556,1.6666666666666667
8Sp1_control_T1,Stylophora pistillata,*Stylophora pistillata*,N1,alpheus,*Alpheus*,17,0,0,0,0,NA
8Sp1_control_T1,Stylophora pistillata,*Stylophora pistillata*,N1,trapezia,*Trapezia*,17,10,21,0.5882352941176471,1.2352941176470589,2.1
8Sp1_control_T2,Stylophora pistillata,*Stylophora pistillata*,N2,alpheus,*Alpheus*,6,0,0,0,0,NA
8Sp1_control_T2,Stylophora pistillata,*Stylophora pistillata*,N2,trapezia,*Trapezia*,6,5,10,0.8333333333333334,1.6666666666666667,2
8Sp2_control_T1,Stylophora pistillata,*Stylophora pistillata*,N1,alpheus,*Alpheus*,10,1,1,0.1,0.1,1
8Sp2_control_T1,Stylophora pistillata,*Stylophora pistillata*,N1,trapezia,*Trapezia*,10,6,11,0.6,1.1,1.8333333333333333
8Sp3_control_T1,Stylophora pistillata,*Stylophora pistillata*,N1,alpheus,*Alpheus*,10,0,0,0,0,NA
8Sp3_control_T1,Stylophora pistillata,*Stylophora pistillata*,N1,trapezia,*Trapezia*,10,8,14,0.8,1.4,1.75
8Sp4_control_T1,Stylophora pistillata,*Stylophora pistillata*,N1,alpheus,*Alpheus*,6,0,0,0,0,NA
8Sp4_control_T1,Stylophora pistillata,*Stylophora pistillata*,N1,trapezia,*Trapezia*,6,2,2,0.3333333333333333,0.3333333333333333,1
8Sp5_control_T1,Stylophora pistillata,*Stylophora pistillata*,N1,alpheus,*Alpheus*,11,0,0,0,0,NA
8Sp5_control_T1,Stylophora pistillata,*Stylophora pistillata*,N1,trapezia,*Trapezia*,11,1,2,0.09090909090909091,0.18181818181818182,2
8Sp6_control_T1,Stylophora pistillata,*Stylophora pistillata*,N1,alpheus,*Alpheus*,16,0,0,0,0,NA
8Sp6_control_T1,Stylophora pistillata,*Stylophora pistillata*,N1,trapezia,*Trapezia*,16,7,11,0.4375,0.6875,1.5714285714285714
8Sp6_control_T2,Stylophora pistillata,*Stylophora pistillata*,N2,alpheus,*Alpheus*,2,0,0,0,0,NA
8Sp6_control_T2,Stylophora pistillata,*Stylophora pistillata*,N2,trapezia,*Trapezia*,2,0,0,0,0,NA
8Sp7_control_T1,Stylophora pistillata,*Stylophora pistillata*,N1,alpheus,*Alpheus*,17,0,0,0,0,NA
8Sp7_control_T1,Stylophora pistillata,*Stylophora pistillata*,N1,trapezia,*Trapezia*,17,10,19,0.5882352941176471,1.1176470588235294,1.9
8Sp7_control_T2,Stylophora pistillata,*Stylophora pistillata*,N2,alpheus,*Alpheus*,11,0,0,0,0,NA
8Sp7_control_T2,Stylophora pistillata,*Stylophora pistillata*,N2,trapezia,*Trapezia*,11,9,18,0.8181818181818182,1.6363636363636365,2
